{"_runtime":2390.376921125,"_timestamp":1.7501912010500522e+09,"f1_weighted":0.4768060854000084,"confusion_matrix":{"log_mode":"IMMUTABLE","ncols":3,"sha256":"a9b52a8334c5c6c00a756b742b7a02097451ec4c987cde6d47ebe203048dbd44","size":3061,"nrows":100,"path":"media/table/confusion_matrix_2_a9b52a8334c5c6c00a75.table.json","_latest_artifact_path":"wandb-client-artifact://3bhui5vbonasngteuptn24hpvfifpamwstbgbp0l67ti0w54tlq97fjr05624o3o6fglwvluyc7x88mria61tdqlsuoychu87v09mdfimn4qdpyzvypdymadbt1555w3:latest/confusion_matrix.table.json","artifact_path":"wandb-client-artifact://mdnphvqwez5ybf34jvamgkn0ard8uxpy97noovpmznjxuak8vjdvutmn4zlv1hdttke19csd01ci6l7p1mwzhfa2n0cr3m5bpr6yus9yhdi6kor0x7n4zq8gju96mksn/confusion_matrix.table.json","_type":"table-file"},"precision_weighted":0.48981595883037676,"_step":2,"_wandb":{"runtime":2390},"classification_report":{"Google Sheets":{"precision":0.5745777324920641,"recall":0.5954875918930994,"f1-score":0.5848458255215605,"support":49242},"Slack":{"recall":0.2673554678430462,"f1-score":0.33946272616722556,"support":17228,"precision":0.4648299525683722},"Miro":{"recall":0.14540682414698164,"f1-score":0.17742193755004004,"support":3810,"precision":0.2275154004106776},"Gmail":{"support":20240,"precision":0.5240533393349462,"recall":0.46017786561264823,"f1-score":0.49004288006734537},"macro avg":{"support":209096,"precision":0.42790868836865653,"recall":0.32053604088788473,"f1-score":0.34753320528398074},"GitHub":{"precision":0.6158212781541842,"recall":0.43618677042801557,"f1-score":0.5106673752942069,"support":7710},"Jira":{"precision":0.3410810810810811,"recall":0.12655435218612113,"f1-score":0.18461088355763605,"support":4986},"Coda":{"f1-score":0.02895193977996526,"support":5976,"precision":0.1072961373390558,"recall":0.01673360107095047},"Google Slides":{"precision":0.5544629349470499,"recall":0.2775463839454752,"f1-score":0.369921776431996,"support":10564},"Confluence":{"precision":0.4894123973225047,"recall":0.7456073446327683,"f1-score":0.5909370767146903,"support":70800},"weighted avg":{"recall":0.5074319929601714,"f1-score":0.4768060854000084,"support":209096,"precision":0.48981595883037676},"accuracy":0.5074319929601714,"Google Docs":{"support":18540,"precision":0.38003663003663,"recall":0.1343042071197411,"f1-score":0.19846963175514107}},"accuracy":0.5074319929601714,"recall_weighted":0.5074319929601714}